{
  "current_iteration": 29,
  "best_score": 1.0,
  "score_history": [
    0.5,
    0.0,
    1.0,
    1.0,
    0.8107023411371237,
    0.1351170568561873,
    0.9759197324414716,
    1.0,
    0.9373764007910349,
    0.8345418589321029,
    0.7765326301911668,
    1.0,
    0.9928010471204187,
    1.0,
    0.9765721331689272,
    0.7077681874229346,
    0.9352651048088778,
    0.9568434032059185,
    0.9420468557336621,
    0.6689272503082614,
    0.9420468557336621,
    0.35943279901356345,
    0.12453760789149199,
    0.8551171393341553,
    0.840937114673243,
    0.5780415430267062,
    1.0,
    0.5780415430267062,
    0.9062314540059346,
    0.8302670623145401,
    0.883679525222552
  ],
  "best_score_history": [
    0.5,
    0.5,
    1.0,
    1.0,
    1.0,
    1.0,
    1.0,
    1.0,
    1.0,
    1.0,
    1.0,
    1.0,
    0.9928010471204187,
    1.0,
    1.0,
    1.0,
    1.0,
    1.0,
    1.0,
    1.0,
    1.0,
    1.0,
    1.0,
    1.0,
    1.0,
    1.0,
    1.0,
    1.0,
    1.0,
    1.0,
    1.0
  ],
  "generations_without_improvement": 4,
  "objective": "Improve the distilled classifier to match CellTypist predictions.\n\n## Current Status\n- The code already has scoring formulas for 10 cell types\n- Current fidelity is shown in evaluation metrics\n- Goal: increase fidelity to >= 95%\n\n## Cell Types in Test Data (EXACT NAMES - must match exactly):\n1. Plasma cells (202) - markers: JCHAIN, MZB1, XBP1\n2. Mast cells (200) - markers: TPSAB1, CPA3, TPSB2\n3. DC1 (200) - markers: CLEC9A, XCR1, CADM1\n4. Kupffer cells (199) - markers: TIMD4, MARCO, CD163\n5. pDC (198) - markers: LILRA4, IL3RA, CLEC4C\n6. gamma-delta T cells (197) - markers: TRDC, TRGC1\n7. Endothelial cells (197) - markers: VWF, CDH5, PECAM1\n8. Follicular B cells (196) - markers: MS4A1, CD79A\n9. Alveolar macrophages (184) - markers: FABP4, MRC1\n10. Neutrophil-myeloid progenitor (182) - markers: MPO, ELANE\n\n## Improvement Strategies\n1. Adjust weights - the current weights (0.5) are guesses, tune them\n2. Add more marker genes per cell type\n3. Add negative markers (genes that should be LOW for a cell type)\n4. Add bias terms to shift decision boundaries\n\n## Code Pattern\n```python\nscores[\"Cell Type\"] = bias  # e.g., -1.0\nscores[\"Cell Type\"] += w1 * expression.get(\"GENE1\", 0)  # positive marker\nscores[\"Cell Type\"] -= w2 * expression.get(\"GENE2\", 0)  # negative marker\n```\n\n## Constraints\n- Use EXACT cell type names as shown above\n- Keep the scoring pattern (no if-else chains)\n- Return max(scores, key=scores.get)\n",
  "evaluator_code": "\"\"\"\nEvaluator for Code Distillation.\n\nThis evaluator measures how well the distilled code matches the original model.\n\"\"\"\n\nimport numpy as np\n\n\ndef evaluate(workspace_path: str) -> dict:\n    \"\"\"\n    Evaluate distilled code against CellTypist model.\n\n    Args:\n        workspace_path: Path containing distilled_code.py\n\n    Returns:\n        Dict with metrics:\n        - fidelity: Agreement rate with original model (0-1)\n        - complexity: Number of lines of code (lower is better)\n        - coverage: Fraction of samples not returning \"Unknown\"\n    \"\"\"\n    import sys\n    import os\n    from pathlib import Path\n\n    # Add workspace to path\n    sys.path.insert(0, workspace_path)\n\n    # Import the distilled function\n    try:\n        # Clear cached module if exists\n        if 'distilled_code' in sys.modules:\n            del sys.modules['distilled_code']\n\n        from distilled_code import predict_cell_type\n    except ImportError as e:\n        return {\n            \"fidelity\": 0.0,\n            \"coverage\": 0.0,\n            \"complexity\": 1000,\n            \"error\": f\"Import error: {e}\",\n            \"fitness_weights\": {\"fidelity\": 1.0},\n        }\n    except Exception as e:\n        return {\n            \"fidelity\": 0.0,\n            \"coverage\": 0.0,\n            \"complexity\": 1000,\n            \"error\": f\"Load error: {e}\",\n            \"fitness_weights\": {\"fidelity\": 1.0},\n        }\n\n    # Load test data and model (cached globally for speed)\n    X_test, features, original_labels = _get_test_data()\n\n    # Run distilled predictions\n    n_samples = len(X_test)\n    correct = 0\n    unknown = 0\n\n    for i in range(n_samples):\n        expr = dict(zip(features, X_test[i]))\n        try:\n            pred = predict_cell_type(expr)\n        except Exception:\n            pred = \"Error\"\n\n        if pred == original_labels[i]:\n            correct += 1\n        if pred == \"Unknown\":\n            unknown += 1\n\n    fidelity = correct / n_samples\n    coverage = 1.0 - (unknown / n_samples)\n\n    # Measure code complexity (lines of code)\n    code_path = Path(workspace_path) / \"distilled_code.py\"\n    if code_path.exists():\n        code = code_path.read_text()\n        # Count non-empty, non-comment lines\n        lines = [l for l in code.split('\\n')\n                 if l.strip() and not l.strip().startswith('#')]\n        complexity = len(lines)\n    else:\n        complexity = 1000\n\n    # Combined fitness score\n    # Prioritize fidelity, but reward simplicity\n    # fitness = fidelity * 0.8 + (1 - complexity/200) * 0.2\n    fitness_score = fidelity  # Keep it simple: just fidelity\n\n    return {\n        \"fidelity\": fidelity,\n        \"coverage\": coverage,\n        \"complexity\": complexity,\n        \"fitness_score\": fitness_score,\n        \"n_correct\": correct,\n        \"n_samples\": n_samples,\n        # Required for evolution framework: specify which metrics to use for fitness\n        \"fitness_weights\": {\"fidelity\": 1.0},\n    }\n\n\n# Global cache for test data\n_cached_data = None\n\n\ndef _get_test_data():\n    \"\"\"Load and cache test data.\"\"\"\n    global _cached_data\n\n    if _cached_data is not None:\n        return _cached_data\n\n    import scanpy as sc\n    import celltypist\n    from celltypist import models\n    from pathlib import Path\n    import os\n\n    # Data directory - hardcoded absolute path for subprocess execution\n    data_dir = Path(\"/Users/wzxu/Projects/Pantheon/pantheon-agents/examples/code_distillation/data\")\n    data_dir.mkdir(exist_ok=True)\n\n    # Download demo data\n    demo_file = data_dir / \"demo_2000_cells.h5ad\"\n    adata = sc.read(\n        demo_file,\n        backup_url='https://celltypist.cog.sanger.ac.uk/Notebook_demo_data/demo_2000_cells.h5ad'\n    )\n\n    # Load model\n    model_name = \"Immune_All_Low.pkl\"\n    models.download_models(model=model_name, force_update=False)\n    model = models.Model.load(model=model_name)\n\n    # Get model features\n    model_features = list(model.features)\n\n    # Align expression matrix to model features\n    if hasattr(adata, 'raw') and adata.raw is not None:\n        X_full = adata.raw.X\n        var_names = list(adata.raw.var_names)\n    else:\n        X_full = adata.X\n        var_names = list(adata.var_names)\n\n    if hasattr(X_full, 'toarray'):\n        X_full = X_full.toarray()\n\n    X_test = np.zeros((X_full.shape[0], len(model_features)))\n    for i, gene in enumerate(model_features):\n        if gene in var_names:\n            idx = var_names.index(gene)\n            X_test[:, i] = X_full[:, idx]\n\n    # Get original predictions\n    predictions = celltypist.annotate(adata, model=model_name)\n    original_labels = predictions.predicted_labels.predicted_labels.values\n\n    _cached_data = (X_test, model_features, original_labels)\n    return _cached_data\n\n\nif __name__ == \"__main__\":\n    # Test evaluator\n    import sys\n    workspace = sys.argv[1] if len(sys.argv) > 1 else \".\"\n    result = evaluate(workspace)\n    print(f\"Fidelity: {result['fidelity']:.1%}\")\n    print(f\"Coverage: {result['coverage']:.1%}\")\n    print(f\"Complexity: {result['complexity']} lines\")\n",
  "max_iterations": 30,
  "num_islands": 2,
  "mutator_model": "normal",
  "created_at": 1769650223.950669
}